participant_id,session_id,trial_id,attempt_id,filename,start_timestamp,end_timestamp,outcome,reason
P21,09ce0dcc-884e-4c47-9efa-46e431e4bea2,0,1,trial_000000_attempt_001.csv,1786366317.011476,1786366329.4303846,COMPLETED,
P21,09ce0dcc-884e-4c47-9efa-46e431e4bea2,1,1,trial_000001_attempt_001.csv,1786366338.5357463,1786366350.930386,COMPLETED,
P21,09ce0dcc-884e-4c47-9efa-46e431e4bea2,2,1,trial_000002_attempt_001.csv,1786366355.5940824,1786366364.9301305,COMPLETED,
P21,09ce0dcc-884e-4c47-9efa-46e431e4bea2,3,1,trial_000003_attempt_001.csv,1786366368.4868925,1786366380.430207,COMPLETED,
P21,09ce0dcc-884e-4c47-9efa-46e431e4bea2,4,1,trial_000004_attempt_001.csv,1786366387.2036092,1786366396.8301065,COMPLETED,
P21,09ce0dcc-884e-4c47-9efa-46e431e4bea2,5,1,trial_000005_attempt_001.csv,1786366401.7890446,1786366409.3299193,COMPLETED,
P21,09ce0dcc-884e-4c47-9efa-46e431e4bea2,6,1,trial_000006_attempt_001.csv,1786366420.9971616,1786366426.7303593,COMPLETED,
P21,09ce0dcc-884e-4c47-9efa-46e431e4bea2,7,1,trial_000007_attempt_001.csv,1786366433.499264,1786366440.430209,COMPLETED,
P21,09ce0dcc-884e-4c47-9efa-46e431e4bea2,8,1,trial_000008_attempt_001.csv,1786366442.4370625,1786366449.330079,COMPLETED,
P21,09ce0dcc-884e-4c47-9efa-46e431e4bea2,9,1,trial_000009_attempt_001.csv,1786366454.0115633,1786366460.0299811,COMPLETED,
P21,09ce0dcc-884e-4c47-9efa-46e431e4bea2,10,1,trial_000010_attempt_001.csv,1786366468.2421644,1786366474.130324,COMPLETED,
P21,09ce0dcc-884e-4c47-9efa-46e431e4bea2,11,1,trial_000011_attempt_001.csv,1786366475.7804103,1786366483.8303764,COMPLETED,
P21,09ce0dcc-884e-4c47-9efa-46e431e4bea2,12,1,trial_000012_attempt_001.csv,1786366490.572213,1786366493.1305685,COMPLETED,
P21,09ce0dcc-884e-4c47-9efa-46e431e4bea2,13,1,trial_000013_attempt_001.csv,1786366496.2660618,1786366499.3307881,COMPLETED,
P21,09ce0dcc-884e-4c47-9efa-46e431e4bea2,14,1,trial_000014_attempt_001.csv,1786366506.098967,1786366508.4298174,COMPLETED,
P21,09ce0dcc-884e-4c47-9efa-46e431e4bea2,15,1,trial_000015_attempt_001.csv,1786366511.5650349,1786366513.830707,COMPLETED,
P21,09ce0dcc-884e-4c47-9efa-46e431e4bea2,16,1,trial_000016_attempt_001.csv,1786366515.6390238,1786366519.230149,COMPLETED,
P21,09ce0dcc-884e-4c47-9efa-46e431e4bea2,17,1,trial_000017_attempt_001.csv,1786366521.9465604,1786366524.4310768,COMPLETED,
P21,09ce0dcc-884e-4c47-9efa-46e431e4bea2,18,1,trial_000018_attempt_001.csv,1786366534.9126706,1786366545.3306322,COMPLETED,
P21,09ce0dcc-884e-4c47-9efa-46e431e4bea2,19,1,trial_000019_attempt_001.csv,1786366550.003359,1786366558.3301935,COMPLETED,
P21,09ce0dcc-884e-4c47-9efa-46e431e4bea2,20,1,trial_000020_attempt_001.csv,1786366560.1867623,1786366570.3300068,COMPLETED,
P21,09ce0dcc-884e-4c47-9efa-46e431e4bea2,21,1,trial_000021_attempt_001.csv,1786366576.2879052,1786366586.4301224,COMPLETED,
P21,09ce0dcc-884e-4c47-9efa-46e431e4bea2,22,1,trial_000022_attempt_001.csv,1786366592.1645598,1786366602.8307629,COMPLETED,
P21,09ce0dcc-884e-4c47-9efa-46e431e4bea2,23,1,trial_000023_attempt_001.csv,1786366610.0885675,1786366618.4301393,COMPLETED,
P21,09ce0dcc-884e-4c47-9efa-46e431e4bea2,24,1,trial_000024_attempt_001.csv,1786366625.4936912,1786366631.9307961,COMPLETED,
P21,09ce0dcc-884e-4c47-9efa-46e431e4bea2,25,1,trial_000025_attempt_001.csv,1786366636.9376342,1786366642.430948,COMPLETED,
P21,09ce0dcc-884e-4c47-9efa-46e431e4bea2,26,1,trial_000026_attempt_001.csv,1786366644.201178,1786366650.23034,COMPLETED,
P21,09ce0dcc-884e-4c47-9efa-46e431e4bea2,27,1,trial_000027_attempt_001.csv,1786366655.2762485,1786366662.0304987,COMPLETED,
P21,09ce0dcc-884e-4c47-9efa-46e431e4bea2,28,1,trial_000028_attempt_001.csv,1786366665.5404465,1786366670.130159,COMPLETED,
P21,09ce0dcc-884e-4c47-9efa-46e431e4bea2,29,1,trial_000029_attempt_001.csv,1786366675.0164785,1786366681.8309636,COMPLETED,
P21,09ce0dcc-884e-4c47-9efa-46e431e4bea2,30,1,trial_000030_attempt_001.csv,1786366692.1377466,1786366695.0304334,COMPLETED,
P21,09ce0dcc-884e-4c47-9efa-46e431e4bea2,31,1,trial_000031_attempt_001.csv,1786366698.197649,1786366700.7306767,COMPLETED,
P21,09ce0dcc-884e-4c47-9efa-46e431e4bea2,32,1,trial_000032_attempt_001.csv,1786366705.2198405,1786366707.729884,COMPLETED,
P21,09ce0dcc-884e-4c47-9efa-46e431e4bea2,33,1,trial_000033_attempt_001.csv,1786366710.3610592,1786366712.9305575,COMPLETED,
P21,09ce0dcc-884e-4c47-9efa-46e431e4bea2,34,1,trial_000034_attempt_001.csv,1786366717.7317145,1786366719.9304302,COMPLETED,
P21,09ce0dcc-884e-4c47-9efa-46e431e4bea2,35,1,trial_000035_attempt_001.csv,1786366723.2975254,1786366725.8303573,COMPLETED,
